nome;ID_aluno;dominio;email
JOSE;235;@dominiodoemail.com.br;jose@dominiodoemail.com.br
JOAO;43;@servicodoemail.com;joao@servicodoemail.com
ANTONIO;304;@servicodoemail.com;antonio@servicodoemail.com
FRANCISCO;156;@servicodoemail.com;francisco@servicodoemail.com
CARLOS;343;@servicodoemail.com;carlos@servicodoemail.com
PAULO;310;@dominiodoemail.com.br;paulo@dominiodoemail.com.br
PEDRO;55;@dominiodoemail.com.br;pedro@dominiodoemail.com.br
LUCAS;288;@dominiodoemail.com.br;lucas@dominiodoemail.com.br
LUIZ;379;@servicodoemail.com;luiz@servicodoemail.com
MARCOS;92;@servicodoemail.com;marcos@servicodoemail.com
LUIS;174;@dominiodoemail.com.br;luis@dominiodoemail.com.br
GABRIEL;218;@servicodoemail.com;gabriel@servicodoemail.com
RAFAEL;217;@servicodoemail.com;rafael@servicodoemail.com
DANIEL;34;@dominiodoemail.com.br;daniel@dominiodoemail.com.br
MARCELO;185;@dominiodoemail.com.br;marcelo@dominiodoemail.com.br
BRUNO;347;@servicodoemail.com;bruno@servicodoemail.com
EDUARDO;191;@servicodoemail.com;eduardo@servicodoemail.com
FELIPE;163;@servicodoemail.com;felipe@servicodoemail.com
RAIMUNDO;42;@servicodoemail.com;raimundo@servicodoemail.com
RODRIGO;10;@servicodoemail.com;rodrigo@servicodoemail.com
MANOEL;200;@dominiodoemail.com.br;manoel@dominiodoemail.com.br
MATEUS;287;@dominiodoemail.com.br;mateus@dominiodoemail.com.br
ANDRE;80;@servicodoemail.com;andre@servicodoemail.com
FERNANDO;173;@dominiodoemail.com.br;fernando@dominiodoemail.com.br
FABIO;16;@dominiodoemail.com.br;fabio@dominiodoemail.com.br
LEONARDO;49;@dominiodoemail.com.br;leonardo@dominiodoemail.com.br
GUSTAVO;12;@servicodoemail.com;gustavo@servicodoemail.com
GUILHERME;240;@servicodoemail.com;guilherme@servicodoemail.com
LEANDRO;242;@servicodoemail.com;leandro@servicodoemail.com
TIAGO;328;@dominiodoemail.com.br;tiago@dominiodoemail.com.br
ANDERSON;172;@servicodoemail.com;anderson@servicodoemail.com
RICARDO;103;@servicodoemail.com;ricardo@servicodoemail.com
MARCIO;284;@dominiodoemail.com.br;marcio@dominiodoemail.com.br
JORGE;192;@dominiodoemail.com.br;jorge@dominiodoemail.com.br
SEBASTIAO;350;@dominiodoemail.com.br;sebastiao@dominiodoemail.com.br
ALEXANDRE;262;@dominiodoemail.com.br;alexandre@dominiodoemail.com.br
ROBERTO;338;@dominiodoemail.com.br;roberto@dominiodoemail.com.br
EDSON;333;@dominiodoemail.com.br;edson@dominiodoemail.com.br
DIEGO;76;@servicodoemail.com;diego@servicodoemail.com
VITOR;297;@dominiodoemail.com.br;vitor@dominiodoemail.com.br
SERGIO;238;@servicodoemail.com;sergio@servicodoemail.com
CLAUDIO;296;@servicodoemail.com;claudio@servicodoemail.com
MATHEUS;268;@servicodoemail.com;matheus@servicodoemail.com
THIAGO;158;@servicodoemail.com;thiago@servicodoemail.com
GERALDO;259;@dominiodoemail.com.br;geraldo@dominiodoemail.com.br
ADRIANO;37;@servicodoemail.com;adriano@servicodoemail.com
LUCIANO;358;@servicodoemail.com;luciano@servicodoemail.com
JULIO;241;@dominiodoemail.com.br;julio@dominiodoemail.com.br
RENATO;391;@servicodoemail.com;renato@servicodoemail.com
ALEX;249;@dominiodoemail.com.br;alex@dominiodoemail.com.br
VINICIUS;27;@dominiodoemail.com.br;vinicius@dominiodoemail.com.br
ROGERIO;102;@servicodoemail.com;rogerio@servicodoemail.com
SAMUEL;276;@dominiodoemail.com.br;samuel@dominiodoemail.com.br
RONALDO;233;@dominiodoemail.com.br;ronaldo@dominiodoemail.com.br
MARIO;281;@dominiodoemail.com.br;mario@dominiodoemail.com.br
FLAVIO;25;@dominiodoemail.com.br;flavio@dominiodoemail.com.br
DOUGLAS;14;@dominiodoemail.com.br;douglas@dominiodoemail.com.br
IGOR;303;@servicodoemail.com;igor@servicodoemail.com
DAVI;193;@servicodoemail.com;davi@servicodoemail.com
MANUEL;83;@dominiodoemail.com.br;manuel@dominiodoemail.com.br
JEFERSON;32;@servicodoemail.com;jeferson@servicodoemail.com
CICERO;21;@dominiodoemail.com.br;cicero@dominiodoemail.com.br
VICTOR;60;@servicodoemail.com;victor@servicodoemail.com
MIGUEL;228;@servicodoemail.com;miguel@servicodoemail.com
ROBSON;396;@servicodoemail.com;robson@servicodoemail.com
MAURICIO;278;@servicodoemail.com;mauricio@servicodoemail.com
DANILO;122;@servicodoemail.com;danilo@servicodoemail.com
HENRIQUE;212;@dominiodoemail.com.br;henrique@dominiodoemail.com.br
CAIO;108;@dominiodoemail.com.br;caio@dominiodoemail.com.br
REGINALDO;151;@servicodoemail.com;reginaldo@servicodoemail.com
JOAQUIM;73;@dominiodoemail.com.br;joaquim@dominiodoemail.com.br
BENEDITO;265;@dominiodoemail.com.br;benedito@dominiodoemail.com.br
GILBERTO;232;@servicodoemail.com;gilberto@servicodoemail.com
MARCO;53;@dominiodoemail.com.br;marco@dominiodoemail.com.br
ALAN;246;@dominiodoemail.com.br;alan@dominiodoemail.com.br
NELSON;180;@servicodoemail.com;nelson@servicodoemail.com
CRISTIANO;203;@servicodoemail.com;cristiano@servicodoemail.com
ELIAS;324;@servicodoemail.com;elias@servicodoemail.com
WILSON;115;@dominiodoemail.com.br;wilson@dominiodoemail.com.br
VALDIR;329;@dominiodoemail.com.br;valdir@dominiodoemail.com.br
EMERSON;179;@servicodoemail.com;emerson@servicodoemail.com
LUAN;253;@dominiodoemail.com.br;luan@dominiodoemail.com.br
DAVID;7;@servicodoemail.com;david@servicodoemail.com
RENAN;275;@dominiodoemail.com.br;renan@dominiodoemail.com.br
SEVERINO;126;@dominiodoemail.com.br;severino@dominiodoemail.com.br
FABRICIO;221;@dominiodoemail.com.br;fabricio@dominiodoemail.com.br
MAURO;381;@servicodoemail.com;mauro@servicodoemail.com
JONAS;273;@servicodoemail.com;jonas@servicodoemail.com
GILMAR;96;@servicodoemail.com;gilmar@servicodoemail.com
JEAN;166;@servicodoemail.com;jean@servicodoemail.com
FABIANO;213;@dominiodoemail.com.br;fabiano@dominiodoemail.com.br
WESLEY;367;@servicodoemail.com;wesley@servicodoemail.com
DIOGO;377;@dominiodoemail.com.br;diogo@dominiodoemail.com.br
ADILSON;372;@servicodoemail.com;adilson@servicodoemail.com
JAIR;1;@dominiodoemail.com.br;jair@dominiodoemail.com.br
ALESSANDRO;292;@dominiodoemail.com.br;alessandro@dominiodoemail.com.br
EVERTON;211;@dominiodoemail.com.br;everton@dominiodoemail.com.br
OSVALDO;201;@servicodoemail.com;osvaldo@servicodoemail.com
GILSON;148;@dominiodoemail.com.br;gilson@dominiodoemail.com.br
WILLIAN;39;@servicodoemail.com;willian@servicodoemail.com
JOEL;171;@servicodoemail.com;joel@servicodoemail.com
SILVIO;298;@servicodoemail.com;silvio@servicodoemail.com
HELIO;149;@dominiodoemail.com.br;helio@dominiodoemail.com.br
MAICON;145;@dominiodoemail.com.br;maicon@dominiodoemail.com.br
REINALDO;13;@servicodoemail.com;reinaldo@servicodoemail.com
PABLO;371;@dominiodoemail.com.br;pablo@dominiodoemail.com.br
ARTUR;342;@servicodoemail.com;artur@servicodoemail.com
VAGNER;56;@dominiodoemail.com.br;vagner@dominiodoemail.com.br
VALTER;31;@servicodoemail.com;valter@servicodoemail.com
CELSO;300;@servicodoemail.com;celso@servicodoemail.com
IVAN;22;@servicodoemail.com;ivan@servicodoemail.com
CLEITON;121;@servicodoemail.com;cleiton@servicodoemail.com
VANDERLEI;161;@dominiodoemail.com.br;vanderlei@dominiodoemail.com.br
VICENTE;143;@servicodoemail.com;vicente@servicodoemail.com
ARTHUR;380;@dominiodoemail.com.br;arthur@dominiodoemail.com.br
MILTON;94;@dominiodoemail.com.br;milton@dominiodoemail.com.br
DOMINGOS;261;@dominiodoemail.com.br;domingos@dominiodoemail.com.br
WAGNER;189;@servicodoemail.com;wagner@servicodoemail.com
SANDRO;285;@dominiodoemail.com.br;sandro@dominiodoemail.com.br
MOISES;190;@servicodoemail.com;moises@servicodoemail.com
EDILSON;178;@dominiodoemail.com.br;edilson@dominiodoemail.com.br
ADEMIR;106;@servicodoemail.com;ademir@servicodoemail.com
ADAO;6;@servicodoemail.com;adao@servicodoemail.com
EVANDRO;289;@dominiodoemail.com.br;evandro@dominiodoemail.com.br
CESAR;280;@dominiodoemail.com.br;cesar@dominiodoemail.com.br
VALMIR;20;@servicodoemail.com;valmir@servicodoemail.com
MURILO;30;@dominiodoemail.com.br;murilo@dominiodoemail.com.br
JULIANO;79;@dominiodoemail.com.br;juliano@dominiodoemail.com.br
EDVALDO;357;@servicodoemail.com;edvaldo@servicodoemail.com
AILTON;135;@servicodoemail.com;ailton@servicodoemail.com
JUNIOR;197;@servicodoemail.com;junior@servicodoemail.com
BRENO;370;@servicodoemail.com;breno@servicodoemail.com
NICOLAS;72;@servicodoemail.com;nicolas@servicodoemail.com
RUAN;95;@dominiodoemail.com.br;ruan@dominiodoemail.com.br
ALBERTO;274;@dominiodoemail.com.br;alberto@dominiodoemail.com.br
RUBENS;387;@servicodoemail.com;rubens@servicodoemail.com
NILTON;36;@servicodoemail.com;nilton@servicodoemail.com
AUGUSTO;129;@servicodoemail.com;augusto@servicodoemail.com
CLEBER;75;@dominiodoemail.com.br;cleber@dominiodoemail.com.br
OSMAR;54;@servicodoemail.com;osmar@servicodoemail.com
NILSON;23;@dominiodoemail.com.br;nilson@dominiodoemail.com.br
ORLANDO;325;@servicodoemail.com;orlando@servicodoemail.com
HUGO;286;@servicodoemail.com;hugo@servicodoemail.com
OTAVIO;301;@dominiodoemail.com.br;otavio@dominiodoemail.com.br
VINICIOS;91;@dominiodoemail.com.br;vinicios@dominiodoemail.com.br
ITALO;316;@dominiodoemail.com.br;italo@dominiodoemail.com.br
WILIAN;352;@dominiodoemail.com.br;wilian@dominiodoemail.com.br
ALISSON;397;@dominiodoemail.com.br;alisson@dominiodoemail.com.br
APARECIDO;334;@servicodoemail.com;aparecido@servicodoemail.com
ISRAEL;399;@dominiodoemail.com.br;israel@dominiodoemail.com.br
EDMILSON;176;@dominiodoemail.com.br;edmilson@dominiodoemail.com.br
JOSUE;5;@servicodoemail.com;josue@servicodoemail.com
GERSON;160;@dominiodoemail.com.br;gerson@dominiodoemail.com.br
CAUA;368;@dominiodoemail.com.br;caua@dominiodoemail.com.br
SIDNEI;182;@dominiodoemail.com.br;sidnei@dominiodoemail.com.br
EMANUEL;144;@dominiodoemail.com.br;emanuel@dominiodoemail.com.br
VALDEMAR;386;@servicodoemail.com;valdemar@servicodoemail.com
JAIME;153;@servicodoemail.com;jaime@servicodoemail.com
EDIVALDO;81;@servicodoemail.com;edivaldo@servicodoemail.com
ARNALDO;118;@servicodoemail.com;arnaldo@servicodoemail.com
MOACIR;157;@dominiodoemail.com.br;moacir@dominiodoemail.com.br
DAMIAO;247;@dominiodoemail.com.br;damiao@dominiodoemail.com.br
ISMAEL;202;@dominiodoemail.com.br;ismael@dominiodoemail.com.br
NIVALDO;308;@servicodoemail.com;nivaldo@servicodoemail.com
JAIRO;105;@servicodoemail.com;jairo@servicodoemail.com
ISAIAS;62;@dominiodoemail.com.br;isaias@dominiodoemail.com.br
MICHEL;109;@servicodoemail.com;michel@servicodoemail.com
ANGELO;128;@dominiodoemail.com.br;angelo@dominiodoemail.com.br
CRISTIAN;82;@dominiodoemail.com.br;cristian@dominiodoemail.com.br
WELLINGTON;394;@dominiodoemail.com.br;wellington@dominiodoemail.com.br
ALEXANDRO;243;@dominiodoemail.com.br;alexandro@dominiodoemail.com.br
VALDEMIR;45;@servicodoemail.com;valdemir@servicodoemail.com
WANDERSON;165;@dominiodoemail.com.br;wanderson@dominiodoemail.com.br
JAILSON;314;@dominiodoemail.com.br;jailson@dominiodoemail.com.br
DENIS;90;@dominiodoemail.com.br;denis@dominiodoemail.com.br
RIAN;317;@dominiodoemail.com.br;rian@dominiodoemail.com.br
CELIO;375;@dominiodoemail.com.br;celio@dominiodoemail.com.br
CLAUDINEI;353;@servicodoemail.com;claudinei@servicodoemail.com
DENILSON;250;@servicodoemail.com;denilson@servicodoemail.com
IAGO;299;@dominiodoemail.com.br;iago@dominiodoemail.com.br
EDER;167;@dominiodoemail.com.br;eder@dominiodoemail.com.br
YURI;168;@dominiodoemail.com.br;yuri@dominiodoemail.com.br
CHARLES;389;@dominiodoemail.com.br;charles@dominiodoemail.com.br
MARLON;8;@servicodoemail.com;marlon@servicodoemail.com
ALISON;282;@servicodoemail.com;alison@servicodoemail.com
JONATAN;116;@dominiodoemail.com.br;jonatan@dominiodoemail.com.br
ERIC;319;@servicodoemail.com;eric@servicodoemail.com
ELTON;229;@dominiodoemail.com.br;elton@dominiodoemail.com.br
VALDECIR;369;@dominiodoemail.com.br;valdecir@dominiodoemail.com.br
WESLEI;137;@dominiodoemail.com.br;weslei@dominiodoemail.com.br
NATANAEL;346;@servicodoemail.com;natanael@servicodoemail.com
ERICK;264;@dominiodoemail.com.br;erick@dominiodoemail.com.br
AGNALDO;237;@servicodoemail.com;agnaldo@servicodoemail.com
KAUAN;146;@dominiodoemail.com.br;kauan@dominiodoemail.com.br
ODAIR;277;@servicodoemail.com;odair@servicodoemail.com
WALTER;227;@dominiodoemail.com.br;walter@dominiodoemail.com.br
ARLINDO;222;@dominiodoemail.com.br;arlindo@dominiodoemail.com.br
MICHAEL;50;@servicodoemail.com;michael@servicodoemail.com
ALVARO;38;@servicodoemail.com;alvaro@servicodoemail.com
GEOVANE;35;@dominiodoemail.com.br;geovane@dominiodoemail.com.br
MARIA;331;@servicodoemail.com;maria@servicodoemail.com
ANA;24;@dominiodoemail.com.br;ana@dominiodoemail.com.br
FRANCISCA;205;@dominiodoemail.com.br;francisca@dominiodoemail.com.br
ANTONIA;382;@dominiodoemail.com.br;antonia@dominiodoemail.com.br
ADRIANA;230;@dominiodoemail.com.br;adriana@dominiodoemail.com.br
JULIANA;11;@dominiodoemail.com.br;juliana@dominiodoemail.com.br
MARCIA;67;@dominiodoemail.com.br;marcia@dominiodoemail.com.br
FERNANDA;29;@servicodoemail.com;fernanda@servicodoemail.com
PATRICIA;208;@servicodoemail.com;patricia@servicodoemail.com
ALINE;390;@dominiodoemail.com.br;aline@dominiodoemail.com.br
SANDRA;125;@servicodoemail.com;sandra@servicodoemail.com
CAMILA;219;@servicodoemail.com;camila@servicodoemail.com
AMANDA;162;@dominiodoemail.com.br;amanda@dominiodoemail.com.br
BRUNA;195;@servicodoemail.com;bruna@servicodoemail.com
JESSICA;138;@servicodoemail.com;jessica@servicodoemail.com
LETICIA;293;@dominiodoemail.com.br;leticia@dominiodoemail.com.br
JULIA;224;@servicodoemail.com;julia@servicodoemail.com
LUCIANA;113;@dominiodoemail.com.br;luciana@dominiodoemail.com.br
VANESSA;70;@servicodoemail.com;vanessa@servicodoemail.com
MARIANA;133;@servicodoemail.com;mariana@servicodoemail.com
GABRIELA;101;@servicodoemail.com;gabriela@servicodoemail.com
VERA;309;@dominiodoemail.com.br;vera@dominiodoemail.com.br
VITORIA;311;@servicodoemail.com;vitoria@servicodoemail.com
LARISSA;321;@dominiodoemail.com.br;larissa@dominiodoemail.com.br
CLAUDIA;400;@servicodoemail.com;claudia@servicodoemail.com
BEATRIZ;236;@servicodoemail.com;beatriz@servicodoemail.com
RITA;86;@dominiodoemail.com.br;rita@dominiodoemail.com.br
LUANA;327;@dominiodoemail.com.br;luana@dominiodoemail.com.br
SONIA;302;@servicodoemail.com;sonia@servicodoemail.com
RENATA;267;@dominiodoemail.com.br;renata@dominiodoemail.com.br
ELIANE;111;@servicodoemail.com;eliane@servicodoemail.com
JOSEFA;336;@servicodoemail.com;josefa@servicodoemail.com
SIMONE;322;@servicodoemail.com;simone@servicodoemail.com
NATALIA;330;@servicodoemail.com;natalia@servicodoemail.com
CRISTIANE;152;@servicodoemail.com;cristiane@servicodoemail.com
CARLA;188;@servicodoemail.com;carla@servicodoemail.com
DEBORA;364;@dominiodoemail.com.br;debora@dominiodoemail.com.br
ROSANGELA;123;@dominiodoemail.com.br;rosangela@dominiodoemail.com.br
JAQUELINE;294;@dominiodoemail.com.br;jaqueline@dominiodoemail.com.br
ROSA;132;@dominiodoemail.com.br;rosa@dominiodoemail.com.br
APARECIDA;139;@servicodoemail.com;aparecida@servicodoemail.com
DANIELA;204;@servicodoemail.com;daniela@servicodoemail.com
MARLENE;93;@dominiodoemail.com.br;marlene@dominiodoemail.com.br
TEREZINHA;339;@servicodoemail.com;terezinha@servicodoemail.com
RAIMUNDA;318;@servicodoemail.com;raimunda@servicodoemail.com
ANDREIA;196;@servicodoemail.com;andreia@servicodoemail.com
FABIANA;63;@servicodoemail.com;fabiana@servicodoemail.com
LUCIA;210;@dominiodoemail.com.br;lucia@dominiodoemail.com.br
RAQUEL;384;@servicodoemail.com;raquel@servicodoemail.com
ANGELA;337;@servicodoemail.com;angela@servicodoemail.com
RAFAELA;183;@servicodoemail.com;rafaela@servicodoemail.com
JOANA;175;@servicodoemail.com;joana@servicodoemail.com
LUZIA;220;@dominiodoemail.com.br;luzia@dominiodoemail.com.br
ELAINE;356;@servicodoemail.com;elaine@servicodoemail.com
REGINA;164;@servicodoemail.com;regina@servicodoemail.com
DANIELE;186;@servicodoemail.com;daniele@servicodoemail.com
SUELI;46;@dominiodoemail.com.br;sueli@dominiodoemail.com.br
DAIANE;345;@dominiodoemail.com.br;daiane@dominiodoemail.com.br
ALESSANDRA;131;@servicodoemail.com;alessandra@servicodoemail.com
ISABEL;51;@dominiodoemail.com.br;isabel@dominiodoemail.com.br
SARA;98;@dominiodoemail.com.br;sara@dominiodoemail.com.br
BIANCA;198;@dominiodoemail.com.br;bianca@dominiodoemail.com.br
FLAVIA;216;@servicodoemail.com;flavia@servicodoemail.com
ERICA;239;@servicodoemail.com;erica@servicodoemail.com
VIVIANE;290;@servicodoemail.com;viviane@servicodoemail.com
SILVANA;395;@servicodoemail.com;silvana@servicodoemail.com
PRISCILA;348;@servicodoemail.com;priscila@servicodoemail.com
PAULA;64;@dominiodoemail.com.br;paula@dominiodoemail.com.br
LUIZA;283;@dominiodoemail.com.br;luiza@dominiodoemail.com.br
TEREZA;170;@dominiodoemail.com.br;tereza@dominiodoemail.com.br
ISABELA;248;@dominiodoemail.com.br;isabela@dominiodoemail.com.br
MARTA;258;@servicodoemail.com;marta@servicodoemail.com
CAROLINE;252;@dominiodoemail.com.br;caroline@dominiodoemail.com.br
JANAINA;270;@dominiodoemail.com.br;janaina@dominiodoemail.com.br
LAURA;355;@dominiodoemail.com.br;laura@dominiodoemail.com.br
MARLI;392;@servicodoemail.com;marli@servicodoemail.com
TATIANE;154;@servicodoemail.com;tatiane@servicodoemail.com
MARINA;360;@dominiodoemail.com.br;marina@dominiodoemail.com.br
SILVIA;41;@dominiodoemail.com.br;silvia@dominiodoemail.com.br
MONICA;307;@servicodoemail.com;monica@servicodoemail.com
TAIS;373;@servicodoemail.com;tais@servicodoemail.com
MICHELE;66;@servicodoemail.com;michele@servicodoemail.com
SOLANGE;207;@servicodoemail.com;solange@servicodoemail.com
EDNA;9;@dominiodoemail.com.br;edna@dominiodoemail.com.br
FATIMA;78;@servicodoemail.com;fatima@servicodoemail.com
HELENA;59;@servicodoemail.com;helena@servicodoemail.com
CRISTINA;251;@dominiodoemail.com.br;cristina@dominiodoemail.com.br
ALICE;120;@servicodoemail.com;alice@servicodoemail.com
CAROLINA;142;@servicodoemail.com;carolina@servicodoemail.com
ROSANA;89;@dominiodoemail.com.br;rosana@dominiodoemail.com.br
ANDRESSA;365;@servicodoemail.com;andressa@servicodoemail.com
CELIA;255;@servicodoemail.com;celia@servicodoemail.com
VALERIA;61;@servicodoemail.com;valeria@servicodoemail.com
ELIANA;257;@servicodoemail.com;eliana@servicodoemail.com
SABRINA;344;@dominiodoemail.com.br;sabrina@dominiodoemail.com.br
ANDREA;47;@dominiodoemail.com.br;andrea@dominiodoemail.com.br
TANIA;87;@servicodoemail.com;tania@servicodoemail.com
BARBARA;110;@servicodoemail.com;barbara@servicodoemail.com
THAIS;134;@dominiodoemail.com.br;thais@dominiodoemail.com.br
DENISE;17;@dominiodoemail.com.br;denise@dominiodoemail.com.br
ROSELI;194;@dominiodoemail.com.br;roseli@dominiodoemail.com.br
GISELE;363;@dominiodoemail.com.br;gisele@dominiodoemail.com.br
MARILENE;117;@servicodoemail.com;marilene@servicodoemail.com
KATIA;295;@servicodoemail.com;katia@servicodoemail.com
EVA;28;@servicodoemail.com;eva@servicodoemail.com
MILENA;141;@servicodoemail.com;milena@servicodoemail.com
EDUARDA;199;@dominiodoemail.com.br;eduarda@dominiodoemail.com.br
ELISANGELA;15;@dominiodoemail.com.br;elisangela@dominiodoemail.com.br
VILMA;88;@servicodoemail.com;vilma@servicodoemail.com
GEOVANA;266;@servicodoemail.com;geovana@servicodoemail.com
LUCIENE;263;@dominiodoemail.com.br;luciene@dominiodoemail.com.br
TAMIRES;223;@dominiodoemail.com.br;tamires@dominiodoemail.com.br
TATIANA;244;@dominiodoemail.com.br;tatiana@dominiodoemail.com.br
ROBERTA;260;@servicodoemail.com;roberta@servicodoemail.com
ELZA;320;@dominiodoemail.com.br;elza@dominiodoemail.com.br
TALITA;104;@dominiodoemail.com.br;talita@dominiodoemail.com.br
MARCELA;150;@servicodoemail.com;marcela@servicodoemail.com
PAMELA;140;@servicodoemail.com;pamela@servicodoemail.com
VANIA;68;@servicodoemail.com;vania@servicodoemail.com
IRENE;4;@servicodoemail.com;irene@servicodoemail.com
JOSIANE;57;@dominiodoemail.com.br;josiane@dominiodoemail.com.br
LIVIA;305;@dominiodoemail.com.br;livia@dominiodoemail.com.br
CINTIA;234;@dominiodoemail.com.br;cintia@dominiodoemail.com.br
IVONE;52;@servicodoemail.com;ivone@servicodoemail.com
LAIS;2;@dominiodoemail.com.br;lais@dominiodoemail.com.br
BENEDITA;19;@dominiodoemail.com.br;benedita@dominiodoemail.com.br
SEBASTIANA;269;@dominiodoemail.com.br;sebastiana@dominiodoemail.com.br
TAINA;374;@dominiodoemail.com.br;taina@dominiodoemail.com.br
JOICE;313;@servicodoemail.com;joice@servicodoemail.com
MIRIAN;26;@servicodoemail.com;mirian@servicodoemail.com
ELIZABETE;184;@servicodoemail.com;elizabete@servicodoemail.com
ANGELICA;187;@dominiodoemail.com.br;angelica@dominiodoemail.com.br
GABRIELE;44;@servicodoemail.com;gabriele@servicodoemail.com
BRENDA;130;@dominiodoemail.com.br;brenda@dominiodoemail.com.br
VERONICA;245;@servicodoemail.com;veronica@servicodoemail.com
ROSILENE;256;@dominiodoemail.com.br;rosilene@dominiodoemail.com.br
KARINA;271;@dominiodoemail.com.br;karina@dominiodoemail.com.br
NAIR;376;@servicodoemail.com;nair@servicodoemail.com
NEUSA;155;@servicodoemail.com;neusa@servicodoemail.com
MARGARIDA;71;@servicodoemail.com;margarida@servicodoemail.com
NEUZA;361;@dominiodoemail.com.br;neuza@dominiodoemail.com.br
NEIDE;159;@servicodoemail.com;neide@servicodoemail.com
RAISSA;378;@dominiodoemail.com.br;raissa@dominiodoemail.com.br
MAIARA;272;@dominiodoemail.com.br;maiara@dominiodoemail.com.br
LORENA;147;@servicodoemail.com;lorena@servicodoemail.com
FRANCIELE;206;@servicodoemail.com;franciele@servicodoemail.com
SAMARA;279;@servicodoemail.com;samara@servicodoemail.com
LILIAN;315;@servicodoemail.com;lilian@servicodoemail.com
JANETE;332;@dominiodoemail.com.br;janete@dominiodoemail.com.br
CICERA;65;@servicodoemail.com;cicera@servicodoemail.com
GIOVANA;326;@servicodoemail.com;giovana@servicodoemail.com
SEVERINA;393;@servicodoemail.com;severina@servicodoemail.com
LARA;169;@servicodoemail.com;lara@servicodoemail.com
CLEIDE;77;@servicodoemail.com;cleide@servicodoemail.com
NICOLE;291;@dominiodoemail.com.br;nicole@dominiodoemail.com.br
CECILIA;351;@dominiodoemail.com.br;cecilia@dominiodoemail.com.br
YASMIN;119;@dominiodoemail.com.br;yasmin@dominiodoemail.com.br
CONCEICAO;214;@dominiodoemail.com.br;conceicao@dominiodoemail.com.br
INGRID;354;@dominiodoemail.com.br;ingrid@dominiodoemail.com.br
SELMA;359;@dominiodoemail.com.br;selma@dominiodoemail.com.br
LEILA;181;@servicodoemail.com;leila@servicodoemail.com
RAIANE;349;@dominiodoemail.com.br;raiane@dominiodoemail.com.br
ESTER;100;@servicodoemail.com;ester@servicodoemail.com
REGIANE;362;@dominiodoemail.com.br;regiane@dominiodoemail.com.br
MARISA;136;@servicodoemail.com;marisa@servicodoemail.com
EUNICE;177;@dominiodoemail.com.br;eunice@dominiodoemail.com.br
KELLY;385;@servicodoemail.com;kelly@servicodoemail.com
TAINARA;85;@servicodoemail.com;tainara@servicodoemail.com
IARA;398;@servicodoemail.com;iara@servicodoemail.com
JOELMA;40;@servicodoemail.com;joelma@servicodoemail.com
MARINALVA;341;@servicodoemail.com;marinalva@servicodoemail.com
TERESINHA;3;@dominiodoemail.com.br;teresinha@dominiodoemail.com.br
REBECA;312;@servicodoemail.com;rebeca@servicodoemail.com
GERALDA;306;@dominiodoemail.com.br;geralda@dominiodoemail.com.br
CLEONICE;69;@servicodoemail.com;cleonice@servicodoemail.com
ALEXANDRA;209;@dominiodoemail.com.br;alexandra@dominiodoemail.com.br
MARA;388;@servicodoemail.com;mara@servicodoemail.com
JENIFER;254;@dominiodoemail.com.br;jenifer@dominiodoemail.com.br
ELIZANGELA;335;@dominiodoemail.com.br;elizangela@dominiodoemail.com.br
LILIANE;340;@dominiodoemail.com.br;liliane@dominiodoemail.com.br
LIDIA;112;@servicodoemail.com;lidia@servicodoemail.com
IRACEMA;225;@dominiodoemail.com.br;iracema@dominiodoemail.com.br
LIDIANE;33;@dominiodoemail.com.br;lidiane@dominiodoemail.com.br
IRACI;74;@dominiodoemail.com.br;iraci@dominiodoemail.com.br
MARILIA;48;@dominiodoemail.com.br;marilia@dominiodoemail.com.br
SHEILA;127;@dominiodoemail.com.br;sheila@dominiodoemail.com.br
INES;114;@servicodoemail.com;ines@servicodoemail.com
NAIARA;97;@dominiodoemail.com.br;naiara@dominiodoemail.com.br
POLIANA;226;@servicodoemail.com;poliana@servicodoemail.com
DALVA;215;@servicodoemail.com;dalva@servicodoemail.com
LURDES;58;@servicodoemail.com;lurdes@servicodoemail.com
TERESA;124;@servicodoemail.com;teresa@servicodoemail.com
ZILDA;107;@servicodoemail.com;zilda@servicodoemail.com
LUCILENE;84;@servicodoemail.com;lucilene@servicodoemail.com
CLARA;18;@servicodoemail.com;clara@servicodoemail.com
ROSANE;231;@dominiodoemail.com.br;rosane@dominiodoemail.com.br
IVONETE;99;@servicodoemail.com;ivonete@servicodoemail.com
LUCIANE;323;@dominiodoemail.com.br;luciane@dominiodoemail.com.br
ISADORA;383;@servicodoemail.com;isadora@servicodoemail.com
NILZA;366;@servicodoemail.com;nilza@servicodoemail.com
